"TIME","GEO","NRG_BAL","SIEC","UNIT","Value","Flag and Footnotes"
"2011","European Union - 27 countries (from 2020)","Gross electricity production","Electricity","Gigawatt-hour","2,941,843.974",""
"2011","European Union - 27 countries (from 2020)","Net electricity production","Electricity","Gigawatt-hour","2,788,173.891",""
"2011","European Union - 28 countries (2013-2020)","Gross electricity production","Electricity","Gigawatt-hour","3,309,827.974",""
"2011","European Union - 28 countries (2013-2020)","Net electricity production","Electricity","Gigawatt-hour","3,139,703.891",""
"2011","Euro area - 19 countries  (from 2015)","Gross electricity production","Electricity","Gigawatt-hour","2,344,778.905",""
"2011","Euro area - 19 countries  (from 2015)","Net electricity production","Electricity","Gigawatt-hour","2,232,021.148",""
"2011","Belgium","Gross electricity production","Electricity","Gigawatt-hour","90,431.600",""
"2011","Belgium","Net electricity production","Electricity","Gigawatt-hour","86,752.300",""
"2011","Bulgaria","Gross electricity production","Electricity","Gigawatt-hour","50,797.000",""
"2011","Bulgaria","Net electricity production","Electricity","Gigawatt-hour","45,844.000",""
"2011","Czechia","Gross electricity production","Electricity","Gigawatt-hour","87,477.000",""
"2011","Czechia","Net electricity production","Electricity","Gigawatt-hour","79,908.000",""
"2011","Denmark","Gross electricity production","Electricity","Gigawatt-hour","35,229.069",""
"2011","Denmark","Net electricity production","Electricity","Gigawatt-hour","33,548.743",""
"2011","Germany (until 1990 former territory of the FRG)","Gross electricity production","Electricity","Gigawatt-hour","613,123.000",""
"2011","Germany (until 1990 former territory of the FRG)","Net electricity production","Electricity","Gigawatt-hour","576,247.000",""
"2011","Estonia","Gross electricity production","Electricity","Gigawatt-hour","12,893.000",""
"2011","Estonia","Net electricity production","Electricity","Gigawatt-hour","11,667.000",""
"2011","Ireland","Gross electricity production","Electricity","Gigawatt-hour","27,164.029",""
"2011","Ireland","Net electricity production","Electricity","Gigawatt-hour","26,365.242",""
"2011","Greece","Gross electricity production","Electricity","Gigawatt-hour","59,436.000",""
"2011","Greece","Net electricity production","Electricity","Gigawatt-hour","53,913.000",""
"2011","Spain","Gross electricity production","Electricity","Gigawatt-hour","293,847.000",""
"2011","Spain","Net electricity production","Electricity","Gigawatt-hour","283,278.000",""
"2011","France","Gross electricity production","Electricity","Gigawatt-hour","573,106.998",""
"2011","France","Net electricity production","Electricity","Gigawatt-hour","547,533.530",""
"2011","Croatia","Gross electricity production","Electricity","Gigawatt-hour","11,373.000",""
"2011","Croatia","Net electricity production","Electricity","Gigawatt-hour","10,951.000",""
"2011","Italy","Gross electricity production","Electricity","Gigawatt-hour","302,581.918",""
"2011","Italy","Net electricity production","Electricity","Gigawatt-hour","291,442.086",""
"2011","Cyprus","Gross electricity production","Electricity","Gigawatt-hour","4,929.602",""
"2011","Cyprus","Net electricity production","Electricity","Gigawatt-hour","4,698.602",""
"2011","Latvia","Gross electricity production","Electricity","Gigawatt-hour","6,093.862",""
"2011","Latvia","Net electricity production","Electricity","Gigawatt-hour","5,563.870",""
"2011","Lithuania","Gross electricity production","Electricity","Gigawatt-hour","4,822.000",""
"2011","Lithuania","Net electricity production","Electricity","Gigawatt-hour","4,445.000",""
"2011","Luxembourg","Gross electricity production","Electricity","Gigawatt-hour","3,716.293",""
"2011","Luxembourg","Net electricity production","Electricity","Gigawatt-hour","3,693.968",""
"2011","Hungary","Gross electricity production","Electricity","Gigawatt-hour","36,019.000",""
"2011","Hungary","Net electricity production","Electricity","Gigawatt-hour","33,533.000",""
"2011","Malta","Gross electricity production","Electricity","Gigawatt-hour","2,179.000",""
"2011","Malta","Net electricity production","Electricity","Gigawatt-hour","2,053.000",""
"2011","Netherlands","Gross electricity production","Electricity","Gigawatt-hour","113,963.000",""
"2011","Netherlands","Net electricity production","Electricity","Gigawatt-hour","109,145.000",""
"2011","Austria","Gross electricity production","Electricity","Gigawatt-hour","65,813.093",""
"2011","Austria","Net electricity production","Electricity","Gigawatt-hour","62,591.739",""
"2011","Poland","Gross electricity production","Electricity","Gigawatt-hour","163,548.000",""
"2011","Poland","Net electricity production","Electricity","Gigawatt-hour","148,913.000",""
"2011","Portugal","Gross electricity production","Electricity","Gigawatt-hour","52,462.510",""
"2011","Portugal","Net electricity production","Electricity","Gigawatt-hour","51,127.811",""
"2011","Romania","Gross electricity production","Electricity","Gigawatt-hour","62,217.000",""
"2011","Romania","Net electricity production","Electricity","Gigawatt-hour","56,490.000",""
"2011","Slovenia","Gross electricity production","Electricity","Gigawatt-hour","16,059.000",""
"2011","Slovenia","Net electricity production","Electricity","Gigawatt-hour","15,001.000",""
"2011","Slovakia","Gross electricity production","Electricity","Gigawatt-hour","28,656.000",""
"2011","Slovakia","Net electricity production","Electricity","Gigawatt-hour","26,090.000",""
"2011","Finland","Gross electricity production","Electricity","Gigawatt-hour","73,501.000",""
"2011","Finland","Net electricity production","Electricity","Gigawatt-hour","70,413.000",""
"2011","Sweden","Gross electricity production","Electricity","Gigawatt-hour","150,405.000",""
"2011","Sweden","Net electricity production","Electricity","Gigawatt-hour","146,965.000",""
"2011","Iceland","Gross electricity production","Electricity","Gigawatt-hour","17,211.000",""
"2011","Iceland","Net electricity production","Electricity","Gigawatt-hour","16,851.000",""
"2011","Liechtenstein","Gross electricity production","Electricity","Gigawatt-hour",":",""
"2011","Liechtenstein","Net electricity production","Electricity","Gigawatt-hour",":",""
"2011","Norway","Gross electricity production","Electricity","Gigawatt-hour","127,539.000",""
"2011","Norway","Net electricity production","Electricity","Gigawatt-hour","127,039.000",""
"2011","United Kingdom","Gross electricity production","Electricity","Gigawatt-hour","367,984.000",""
"2011","United Kingdom","Net electricity production","Electricity","Gigawatt-hour","351,530.000",""
"2011","Montenegro","Gross electricity production","Electricity","Gigawatt-hour","2,656.000",""
"2011","Montenegro","Net electricity production","Electricity","Gigawatt-hour","2,503.000",""
"2011","North Macedonia","Gross electricity production","Electricity","Gigawatt-hour","6,759.000",""
"2011","North Macedonia","Net electricity production","Electricity","Gigawatt-hour","6,284.000",""
"2011","Albania","Gross electricity production","Electricity","Gigawatt-hour","4,191.000",""
"2011","Albania","Net electricity production","Electricity","Gigawatt-hour","4,190.000",""
"2011","Serbia","Gross electricity production","Electricity","Gigawatt-hour","38,600.000",""
"2011","Serbia","Net electricity production","Electricity","Gigawatt-hour","35,793.000",""
"2011","Turkey","Gross electricity production","Electricity","Gigawatt-hour","229,393.000",""
"2011","Turkey","Net electricity production","Electricity","Gigawatt-hour","217,558.000",""
"2011","Bosnia and Herzegovina","Gross electricity production","Electricity","Gigawatt-hour",":",""
"2011","Bosnia and Herzegovina","Net electricity production","Electricity","Gigawatt-hour",":",""
"2011","Kosovo (under United Nations Security Council Resolution 1244/99)","Gross electricity production","Electricity","Gigawatt-hour","5,801.000",""
"2011","Kosovo (under United Nations Security Council Resolution 1244/99)","Net electricity production","Electricity","Gigawatt-hour","5,111.000",""
"2011","Moldova","Gross electricity production","Electricity","Gigawatt-hour","1,016.000",""
"2011","Moldova","Net electricity production","Electricity","Gigawatt-hour","880.000",""
"2011","Ukraine","Gross electricity production","Electricity","Gigawatt-hour","194,948.000",""
"2011","Ukraine","Net electricity production","Electricity","Gigawatt-hour","179,635.000",""
"2011","Georgia","Gross electricity production","Electricity","Gigawatt-hour",":",""
"2011","Georgia","Net electricity production","Electricity","Gigawatt-hour",":",""
"2012","European Union - 27 countries (from 2020)","Gross electricity production","Electricity","Gigawatt-hour","2,939,107.526",""
"2012","European Union - 27 countries (from 2020)","Net electricity production","Electricity","Gigawatt-hour","2,786,920.275",""
"2012","European Union - 28 countries (2013-2020)","Gross electricity production","Electricity","Gigawatt-hour","3,302,986.526",""
"2012","European Union - 28 countries (2013-2020)","Net electricity production","Electricity","Gigawatt-hour","3,132,809.275",""
"2012","Euro area - 19 countries  (from 2015)","Gross electricity production","Electricity","Gigawatt-hour","2,340,524.824",""
"2012","Euro area - 19 countries  (from 2015)","Net electricity production","Electricity","Gigawatt-hour","2,227,632.886",""
"2012","Belgium","Gross electricity production","Electricity","Gigawatt-hour","83,034.200",""
"2012","Belgium","Net electricity production","Electricity","Gigawatt-hour","79,825.200",""
"2012","Bulgaria","Gross electricity production","Electricity","Gigawatt-hour","47,329.000",""
"2012","Bulgaria","Net electricity production","Electricity","Gigawatt-hour","42,859.000",""
"2012","Czechia","Gross electricity production","Electricity","Gigawatt-hour","87,418.000",""
"2012","Czechia","Net electricity production","Electricity","Gigawatt-hour","80,309.000",""
"2012","Denmark","Gross electricity production","Electricity","Gigawatt-hour","30,700.702",""
"2012","Denmark","Net electricity production","Electricity","Gigawatt-hour","29,200.389",""
"2012","Germany (until 1990 former territory of the FRG)","Gross electricity production","Electricity","Gigawatt-hour","628,314.000",""
"2012","Germany (until 1990 former territory of the FRG)","Net electricity production","Electricity","Gigawatt-hour","591,431.000",""
"2012","Estonia","Gross electricity production","Electricity","Gigawatt-hour","11,967.000",""
"2012","Estonia","Net electricity production","Electricity","Gigawatt-hour","10,527.000",""
"2012","Ireland","Gross electricity production","Electricity","Gigawatt-hour","27,355.035",""
"2012","Ireland","Net electricity production","Electricity","Gigawatt-hour","26,479.064",""
"2012","Greece","Gross electricity production","Electricity","Gigawatt-hour","60,959.000",""
"2012","Greece","Net electricity production","Electricity","Gigawatt-hour","53,654.000",""
"2012","Spain","Gross electricity production","Electricity","Gigawatt-hour","297,558.624",""
"2012","Spain","Net electricity production","Electricity","Gigawatt-hour","286,574.000",""
"2012","France","Gross electricity production","Electricity","Gigawatt-hour","572,758.067",""
"2012","France","Net electricity production","Electricity","Gigawatt-hour","547,926.388",""
"2012","Croatia","Gross electricity production","Electricity","Gigawatt-hour","10,755.000",""
"2012","Croatia","Net electricity production","Electricity","Gigawatt-hour","10,396.000",""
"2012","Italy","Gross electricity production","Electricity","Gigawatt-hour","299,277.001",""
"2012","Italy","Net electricity production","Electricity","Gigawatt-hour","287,803.383",""
"2012","Cyprus","Gross electricity production","Electricity","Gigawatt-hour","4,717.023",""
"2012","Cyprus","Net electricity production","Electricity","Gigawatt-hour","4,543.023",""
"2012","Latvia","Gross electricity production","Electricity","Gigawatt-hour","6,167.223",""
"2012","Latvia","Net electricity production","Electricity","Gigawatt-hour","5,719.095",""
"2012","Lithuania","Gross electricity production","Electricity","Gigawatt-hour","5,043.000",""
"2012","Lithuania","Net electricity production","Electricity","Gigawatt-hour","4,689.000",""
"2012","Luxembourg","Gross electricity production","Electricity","Gigawatt-hour","3,816.973",""
"2012","Luxembourg","Net electricity production","Electricity","Gigawatt-hour","3,786.884",""
"2012","Hungary","Gross electricity production","Electricity","Gigawatt-hour","34,635.000",""
"2012","Hungary","Net electricity production","Electricity","Gigawatt-hour","32,351.000",""
"2012","Malta","Gross electricity production","Electricity","Gigawatt-hour","2,294.000",""
"2012","Malta","Net electricity production","Electricity","Gigawatt-hour","2,172.000",""
"2012","Netherlands","Gross electricity production","Electricity","Gigawatt-hour","103,234.494",""
"2012","Netherlands","Net electricity production","Electricity","Gigawatt-hour","99,174.340",""
"2012","Austria","Gross electricity production","Electricity","Gigawatt-hour","72,603.456",""
"2012","Austria","Net electricity production","Electricity","Gigawatt-hour","69,525.212",""
"2012","Poland","Gross electricity production","Electricity","Gigawatt-hour","162,139.000",""
"2012","Poland","Net electricity production","Electricity","Gigawatt-hour","147,649.000",""
"2012","Portugal","Gross electricity production","Electricity","Gigawatt-hour","46,614.728",""
"2012","Portugal","Net electricity production","Electricity","Gigawatt-hour","45,254.297",""
"2012","Romania","Gross electricity production","Electricity","Gigawatt-hour","59,045.000",""
"2012","Romania","Net electricity production","Electricity","Gigawatt-hour","53,694.000",""
"2012","Slovenia","Gross electricity production","Electricity","Gigawatt-hour","15,736.000",""
"2012","Slovenia","Net electricity production","Electricity","Gigawatt-hour","14,705.000",""
"2012","Slovakia","Gross electricity production","Electricity","Gigawatt-hour","28,664.000",""
"2012","Slovakia","Net electricity production","Electricity","Gigawatt-hour","26,137.000",""
"2012","Finland","Gross electricity production","Electricity","Gigawatt-hour","70,411.000",""
"2012","Finland","Net electricity production","Electricity","Gigawatt-hour","67,707.000",""
"2012","Sweden","Gross electricity production","Electricity","Gigawatt-hour","166,561.000",""
"2012","Sweden","Net electricity production","Electricity","Gigawatt-hour","162,829.000",""
"2012","Iceland","Gross electricity production","Electricity","Gigawatt-hour","17,549.000",""
"2012","Iceland","Net electricity production","Electricity","Gigawatt-hour","17,296.000",""
"2012","Liechtenstein","Gross electricity production","Electricity","Gigawatt-hour",":",""
"2012","Liechtenstein","Net electricity production","Electricity","Gigawatt-hour",":",""
"2012","Norway","Gross electricity production","Electricity","Gigawatt-hour","147,663.000",""
"2012","Norway","Net electricity production","Electricity","Gigawatt-hour","147,128.000",""
"2012","United Kingdom","Gross electricity production","Electricity","Gigawatt-hour","363,879.000",""
"2012","United Kingdom","Net electricity production","Electricity","Gigawatt-hour","345,889.000",""
"2012","Montenegro","Gross electricity production","Electricity","Gigawatt-hour","2,844.000",""
"2012","Montenegro","Net electricity production","Electricity","Gigawatt-hour","2,703.000",""
"2012","North Macedonia","Gross electricity production","Electricity","Gigawatt-hour","6,262.000",""
"2012","North Macedonia","Net electricity production","Electricity","Gigawatt-hour","5,797.000",""
"2012","Albania","Gross electricity production","Electricity","Gigawatt-hour","4,725.000",""
"2012","Albania","Net electricity production","Electricity","Gigawatt-hour","4,718.000",""
"2012","Serbia","Gross electricity production","Electricity","Gigawatt-hour","36,799.000",""
"2012","Serbia","Net electricity production","Electricity","Gigawatt-hour","34,202.000",""
"2012","Turkey","Gross electricity production","Electricity","Gigawatt-hour","239,496.000",""
"2012","Turkey","Net electricity production","Electricity","Gigawatt-hour","227,707.000",""
"2012","Bosnia and Herzegovina","Gross electricity production","Electricity","Gigawatt-hour",":",""
"2012","Bosnia and Herzegovina","Net electricity production","Electricity","Gigawatt-hour",":",""
"2012","Kosovo (under United Nations Security Council Resolution 1244/99)","Gross electricity production","Electricity","Gigawatt-hour","5,943.000",""
"2012","Kosovo (under United Nations Security Council Resolution 1244/99)","Net electricity production","Electricity","Gigawatt-hour","5,250.000",""
"2012","Moldova","Gross electricity production","Electricity","Gigawatt-hour","932.000",""
"2012","Moldova","Net electricity production","Electricity","Gigawatt-hour","803.000",""
"2012","Ukraine","Gross electricity production","Electricity","Gigawatt-hour","198,878.000",""
"2012","Ukraine","Net electricity production","Electricity","Gigawatt-hour","183,397.000",""
"2012","Georgia","Gross electricity production","Electricity","Gigawatt-hour",":",""
"2012","Georgia","Net electricity production","Electricity","Gigawatt-hour",":",""
"2013","European Union - 27 countries (from 2020)","Gross electricity production","Electricity","Gigawatt-hour","2,921,089.968",""
"2013","European Union - 27 countries (from 2020)","Net electricity production","Electricity","Gigawatt-hour","2,774,309.564",""
"2013","European Union - 28 countries (2013-2020)","Gross electricity production","Electricity","Gigawatt-hour","3,279,379.968",""
"2013","European Union - 28 countries (2013-2020)","Net electricity production","Electricity","Gigawatt-hour","3,114,743.564",""
"2013","Euro area - 19 countries  (from 2015)","Gross electricity production","Electricity","Gigawatt-hour","2,334,670.880",""
"2013","Euro area - 19 countries  (from 2015)","Net electricity production","Electricity","Gigawatt-hour","2,226,133.440",""
"2013","Belgium","Gross electricity production","Electricity","Gigawatt-hour","83,496.000",""
"2013","Belgium","Net electricity production","Electricity","Gigawatt-hour","80,206.200",""
"2013","Bulgaria","Gross electricity production","Electricity","Gigawatt-hour","43,784.000",""
"2013","Bulgaria","Net electricity production","Electricity","Gigawatt-hour","39,818.000",""
"2013","Czechia","Gross electricity production","Electricity","Gigawatt-hour","86,913.000",""
"2013","Czechia","Net electricity production","Electricity","Gigawatt-hour","79,777.000",""
"2013","Denmark","Gross electricity production","Electricity","Gigawatt-hour","34,742.088",""
"2013","Denmark","Net electricity production","Electricity","Gigawatt-hour","33,138.124",""
"2013","Germany (until 1990 former territory of the FRG)","Gross electricity production","Electricity","Gigawatt-hour","638,701.000",""
"2013","Germany (until 1990 former territory of the FRG)","Net electricity production","Electricity","Gigawatt-hour","600,926.000",""
"2013","Estonia","Gross electricity production","Electricity","Gigawatt-hour","13,275.000",""
"2013","Estonia","Net electricity production","Electricity","Gigawatt-hour","11,823.000",""
"2013","Ireland","Gross electricity production","Electricity","Gigawatt-hour","25,920.411",""
"2013","Ireland","Net electricity production","Electricity","Gigawatt-hour","25,116.205",""
"2013","Greece","Gross electricity production","Electricity","Gigawatt-hour","57,152.000",""
"2013","Greece","Net electricity production","Electricity","Gigawatt-hour","52,560.000",""
"2013","Spain","Gross electricity production","Electricity","Gigawatt-hour","285,631.120",""
"2013","Spain","Net electricity production","Electricity","Gigawatt-hour","275,399.000",""
"2013","France","Gross electricity production","Electricity","Gigawatt-hour","582,435.507",""
"2013","France","Net electricity production","Electricity","Gigawatt-hour","558,138.963",""
"2013","Croatia","Gross electricity production","Electricity","Gigawatt-hour","14,052.000",""
"2013","Croatia","Net electricity production","Electricity","Gigawatt-hour","13,660.000",""
"2013","Italy","Gross electricity production","Electricity","Gigawatt-hour","289,806.595",""
"2013","Italy","Net electricity production","Electricity","Gigawatt-hour","278,833.392",""
"2013","Cyprus","Gross electricity production","Electricity","Gigawatt-hour","4,290.145",""
"2013","Cyprus","Net electricity production","Electricity","Gigawatt-hour","4,119.145",""
"2013","Latvia","Gross electricity production","Electricity","Gigawatt-hour","6,209.063",""
"2013","Latvia","Net electricity production","Electricity","Gigawatt-hour","5,799.890",""
"2013","Lithuania","Gross electricity production","Electricity","Gigawatt-hour","4,762.000",""
"2013","Lithuania","Net electricity production","Electricity","Gigawatt-hour","4,451.000",""
"2013","Luxembourg","Gross electricity production","Electricity","Gigawatt-hour","2,889.128",""
"2013","Luxembourg","Net electricity production","Electricity","Gigawatt-hour","2,860.369",""
"2013","Hungary","Gross electricity production","Electricity","Gigawatt-hour","30,294.000",""
"2013","Hungary","Net electricity production","Electricity","Gigawatt-hour","28,031.000",""
"2013","Malta","Gross electricity production","Electricity","Gigawatt-hour","2,251.000",""
"2013","Malta","Net electricity production","Electricity","Gigawatt-hour","2,137.000",""
"2013","Netherlands","Gross electricity production","Electricity","Gigawatt-hour","101,630.228",""
"2013","Netherlands","Net electricity production","Electricity","Gigawatt-hour","97,449.789",""
"2013","Austria","Gross electricity production","Electricity","Gigawatt-hour","68,356.635",""
"2013","Austria","Net electricity production","Electricity","Gigawatt-hour","65,259.696",""
"2013","Poland","Gross electricity production","Electricity","Gigawatt-hour","164,580.000",""
"2013","Poland","Net electricity production","Electricity","Gigawatt-hour","150,079.000",""
"2013","Portugal","Gross electricity production","Electricity","Gigawatt-hour","51,673.048",""
"2013","Portugal","Net electricity production","Electricity","Gigawatt-hour","50,411.791",""
"2013","Romania","Gross electricity production","Electricity","Gigawatt-hour","58,888.000",""
"2013","Romania","Net electricity production","Electricity","Gigawatt-hour","54,134.000",""
"2013","Slovenia","Gross electricity production","Electricity","Gigawatt-hour","16,103.000",""
"2013","Slovenia","Net electricity production","Electricity","Gigawatt-hour","15,117.000",""
"2013","Slovakia","Gross electricity production","Electricity","Gigawatt-hour","28,832.000",""
"2013","Slovakia","Net electricity production","Electricity","Gigawatt-hour","27,172.000",""
"2013","Finland","Gross electricity production","Electricity","Gigawatt-hour","71,257.000",""
"2013","Finland","Net electricity production","Electricity","Gigawatt-hour","68,353.000",""
"2013","Sweden","Gross electricity production","Electricity","Gigawatt-hour","153,166.000",""
"2013","Sweden","Net electricity production","Electricity","Gigawatt-hour","149,539.000",""
"2013","Iceland","Gross electricity production","Electricity","Gigawatt-hour","18,116.000",""
"2013","Iceland","Net electricity production","Electricity","Gigawatt-hour","18,000.000",""
"2013","Liechtenstein","Gross electricity production","Electricity","Gigawatt-hour",":",""
"2013","Liechtenstein","Net electricity production","Electricity","Gigawatt-hour",":",""
"2013","Norway","Gross electricity production","Electricity","Gigawatt-hour","134,072.000",""
"2013","Norway","Net electricity production","Electricity","Gigawatt-hour","133,485.000",""
"2013","United Kingdom","Gross electricity production","Electricity","Gigawatt-hour","358,290.000",""
"2013","United Kingdom","Net electricity production","Electricity","Gigawatt-hour","340,434.000",""
"2013","Montenegro","Gross electricity production","Electricity","Gigawatt-hour","3,945.000",""
"2013","Montenegro","Net electricity production","Electricity","Gigawatt-hour","3,809.000",""
"2013","North Macedonia","Gross electricity production","Electricity","Gigawatt-hour","6,094.000",""
"2013","North Macedonia","Net electricity production","Electricity","Gigawatt-hour","5,672.000",""
"2013","Albania","Gross electricity production","Electricity","Gigawatt-hour","6,959.000",""
"2013","Albania","Net electricity production","Electricity","Gigawatt-hour","6,950.000",""
"2013","Serbia","Gross electricity production","Electricity","Gigawatt-hour","39,877.000",""
"2013","Serbia","Net electricity production","Electricity","Gigawatt-hour","37,170.000",""
"2013","Turkey","Gross electricity production","Electricity","Gigawatt-hour","240,154.000",""
"2013","Turkey","Net electricity production","Electricity","Gigawatt-hour","228,977.000",""
"2013","Bosnia and Herzegovina","Gross electricity production","Electricity","Gigawatt-hour",":",""
"2013","Bosnia and Herzegovina","Net electricity production","Electricity","Gigawatt-hour",":",""
"2013","Kosovo (under United Nations Security Council Resolution 1244/99)","Gross electricity production","Electricity","Gigawatt-hour","6,525.000",""
"2013","Kosovo (under United Nations Security Council Resolution 1244/99)","Net electricity production","Electricity","Gigawatt-hour","5,861.000",""
"2013","Moldova","Gross electricity production","Electricity","Gigawatt-hour","905.000",""
"2013","Moldova","Net electricity production","Electricity","Gigawatt-hour","781.000",""
"2013","Ukraine","Gross electricity production","Electricity","Gigawatt-hour","194,377.000",""
"2013","Ukraine","Net electricity production","Electricity","Gigawatt-hour","179,084.000",""
"2013","Georgia","Gross electricity production","Electricity","Gigawatt-hour","10,059.000",""
"2013","Georgia","Net electricity production","Electricity","Gigawatt-hour","9,860.000",""
"2014","European Union - 27 countries (from 2020)","Gross electricity production","Electricity","Gigawatt-hour","2,861,547.773",""
"2014","European Union - 27 countries (from 2020)","Net electricity production","Electricity","Gigawatt-hour","2,716,977.891",""
"2014","European Union - 28 countries (2013-2020)","Gross electricity production","Electricity","Gigawatt-hour","3,199,647.773",""
"2014","European Union - 28 countries (2013-2020)","Net electricity production","Electricity","Gigawatt-hour","3,038,594.891",""
"2014","Euro area - 19 countries  (from 2015)","Gross electricity production","Electricity","Gigawatt-hour","2,274,375.761",""
"2014","Euro area - 19 countries  (from 2015)","Net electricity production","Electricity","Gigawatt-hour","2,167,645.642",""
"2014","Belgium","Gross electricity production","Electricity","Gigawatt-hour","72,645.900",""
"2014","Belgium","Net electricity production","Electricity","Gigawatt-hour","69,817.600",""
"2014","Bulgaria","Gross electricity production","Electricity","Gigawatt-hour","47,485.000",""
"2014","Bulgaria","Net electricity production","Electricity","Gigawatt-hour","43,231.000",""
"2014","Czechia","Gross electricity production","Electricity","Gigawatt-hour","86,148.000",""
"2014","Czechia","Net electricity production","Electricity","Gigawatt-hour","79,116.000",""
"2014","Denmark","Gross electricity production","Electricity","Gigawatt-hour","32,184.012",""
"2014","Denmark","Net electricity production","Electricity","Gigawatt-hour","30,815.249",""
"2014","Germany (until 1990 former territory of the FRG)","Gross electricity production","Electricity","Gigawatt-hour","627,806.000",""
"2014","Germany (until 1990 former territory of the FRG)","Net electricity production","Electricity","Gigawatt-hour","590,874.000",""
"2014","Estonia","Gross electricity production","Electricity","Gigawatt-hour","12,446.000",""
"2014","Estonia","Net electricity production","Electricity","Gigawatt-hour","11,013.000",""
"2014","Ireland","Gross electricity production","Electricity","Gigawatt-hour","26,087.075",""
"2014","Ireland","Net electricity production","Electricity","Gigawatt-hour","25,312.627",""
"2014","Greece","Gross electricity production","Electricity","Gigawatt-hour","50,474.000",""
"2014","Greece","Net electricity production","Electricity","Gigawatt-hour","46,702.000",""
"2014","Spain","Gross electricity production","Electricity","Gigawatt-hour","278,749.282",""
"2014","Spain","Net electricity production","Electricity","Gigawatt-hour","268,380.000",""
"2014","France","Gross electricity production","Electricity","Gigawatt-hour","572,711.141",""
"2014","France","Net electricity production","Electricity","Gigawatt-hour","548,861.770",""
"2014","Croatia","Gross electricity production","Electricity","Gigawatt-hour","13,554.000",""
"2014","Croatia","Net electricity production","Electricity","Gigawatt-hour","13,159.000",""
"2014","Italy","Gross electricity production","Electricity","Gigawatt-hour","279,827.343",""
"2014","Italy","Net electricity production","Electricity","Gigawatt-hour","269,147.935",""
"2014","Cyprus","Gross electricity production","Electricity","Gigawatt-hour","4,350.440",""
"2014","Cyprus","Net electricity production","Electricity","Gigawatt-hour","4,145.440",""
"2014","Latvia","Gross electricity production","Electricity","Gigawatt-hour","5,139.351",""
"2014","Latvia","Net electricity production","Electricity","Gigawatt-hour","4,732.000",""
"2014","Lithuania","Gross electricity production","Electricity","Gigawatt-hour","4,397.000",""
"2014","Lithuania","Net electricity production","Electricity","Gigawatt-hour","4,144.000",""
"2014","Luxembourg","Gross electricity production","Electricity","Gigawatt-hour","2,964.981",""
"2014","Luxembourg","Net electricity production","Electricity","Gigawatt-hour","2,937.813",""
"2014","Hungary","Gross electricity production","Electricity","Gigawatt-hour","29,403.000",""
"2014","Hungary","Net electricity production","Electricity","Gigawatt-hour","27,141.000",""
"2014","Malta","Gross electricity production","Electricity","Gigawatt-hour","2,245.000",""
"2014","Malta","Net electricity production","Electricity","Gigawatt-hour","2,137.000",""
"2014","Netherlands","Gross electricity production","Electricity","Gigawatt-hour","103,358.696",""
"2014","Netherlands","Net electricity production","Electricity","Gigawatt-hour","98,714.696",""
"2014","Austria","Gross electricity production","Electricity","Gigawatt-hour","65,438.872",""
"2014","Austria","Net electricity production","Electricity","Gigawatt-hour","62,247.596",""
"2014","Poland","Gross electricity production","Electricity","Gigawatt-hour","159,059.000",""
"2014","Poland","Net electricity production","Electricity","Gigawatt-hour","145,214.000",""
"2014","Portugal","Gross electricity production","Electricity","Gigawatt-hour","52,802.680",""
"2014","Portugal","Net electricity production","Electricity","Gigawatt-hour","51,527.165",""
"2014","Romania","Gross electricity production","Electricity","Gigawatt-hour","65,676.000",""
"2014","Romania","Net electricity production","Electricity","Gigawatt-hour","60,699.000",""
"2014","Slovenia","Gross electricity production","Electricity","Gigawatt-hour","17,437.000",""
"2014","Slovenia","Net electricity production","Electricity","Gigawatt-hour","16,486.000",""
"2014","Slovakia","Gross electricity production","Electricity","Gigawatt-hour","27,401.000",""
"2014","Slovakia","Net electricity production","Electricity","Gigawatt-hour","25,007.000",""
"2014","Finland","Gross electricity production","Electricity","Gigawatt-hour","68,094.000",""
"2014","Finland","Net electricity production","Electricity","Gigawatt-hour","65,458.000",""
"2014","Sweden","Gross electricity production","Electricity","Gigawatt-hour","153,663.000",""
"2014","Sweden","Net electricity production","Electricity","Gigawatt-hour","149,957.000",""
"2014","Iceland","Gross electricity production","Electricity","Gigawatt-hour","18,123.000",""
"2014","Iceland","Net electricity production","Electricity","Gigawatt-hour","17,803.000",""
"2014","Liechtenstein","Gross electricity production","Electricity","Gigawatt-hour","42.000",""
"2014","Liechtenstein","Net electricity production","Electricity","Gigawatt-hour","42.000",""
"2014","Norway","Gross electricity production","Electricity","Gigawatt-hour","141,970.000",""
"2014","Norway","Net electricity production","Electricity","Gigawatt-hour","141,342.000",""
"2014","United Kingdom","Gross electricity production","Electricity","Gigawatt-hour","338,100.000",""
"2014","United Kingdom","Net electricity production","Electricity","Gigawatt-hour","321,617.000",""
"2014","Montenegro","Gross electricity production","Electricity","Gigawatt-hour","3,173.000",""
"2014","Montenegro","Net electricity production","Electricity","Gigawatt-hour","3,038.000",""
"2014","North Macedonia","Gross electricity production","Electricity","Gigawatt-hour","5,374.000",""
"2014","North Macedonia","Net electricity production","Electricity","Gigawatt-hour","4,976.000",""
"2014","Albania","Gross electricity production","Electricity","Gigawatt-hour","4,724.000",""
"2014","Albania","Net electricity production","Electricity","Gigawatt-hour","4,708.000",""
"2014","Serbia","Gross electricity production","Electricity","Gigawatt-hour","34,060.001",""
"2014","Serbia","Net electricity production","Electricity","Gigawatt-hour","31,899.000",""
"2014","Turkey","Gross electricity production","Electricity","Gigawatt-hour","251,963.000",""
"2014","Turkey","Net electricity production","Electricity","Gigawatt-hour","239,449.000",""
"2014","Bosnia and Herzegovina","Gross electricity production","Electricity","Gigawatt-hour","17,023.000",""
"2014","Bosnia and Herzegovina","Net electricity production","Electricity","Gigawatt-hour","16,035.000",""
"2014","Kosovo (under United Nations Security Council Resolution 1244/99)","Gross electricity production","Electricity","Gigawatt-hour","5,436.000",""
"2014","Kosovo (under United Nations Security Council Resolution 1244/99)","Net electricity production","Electricity","Gigawatt-hour","5,002.000",""
"2014","Moldova","Gross electricity production","Electricity","Gigawatt-hour","963.000",""
"2014","Moldova","Net electricity production","Electricity","Gigawatt-hour","837.000",""
"2014","Ukraine","Gross electricity production","Electricity","Gigawatt-hour","182,818.000",""
"2014","Ukraine","Net electricity production","Electricity","Gigawatt-hour","168,430.000",""
"2014","Georgia","Gross electricity production","Electricity","Gigawatt-hour","10,371.000",""
"2014","Georgia","Net electricity production","Electricity","Gigawatt-hour","10,154.000",""
"2015","European Union - 27 countries (from 2020)","Gross electricity production","Electricity","Gigawatt-hour","2,906,839.591",""
"2015","European Union - 27 countries (from 2020)","Net electricity production","Electricity","Gigawatt-hour","2,761,128.947",""
"2015","European Union - 28 countries (2013-2020)","Gross electricity production","Electricity","Gigawatt-hour","3,244,926.003",""
"2015","European Union - 28 countries (2013-2020)","Net electricity production","Electricity","Gigawatt-hour","3,088,576.108",""
"2015","Euro area - 19 countries  (from 2015)","Gross electricity production","Electricity","Gigawatt-hour","2,309,663.959",""
"2015","Euro area - 19 countries  (from 2015)","Net electricity production","Electricity","Gigawatt-hour","2,201,414.805",""
"2015","Belgium","Gross electricity production","Electricity","Gigawatt-hour","69,824.500",""
"2015","Belgium","Net electricity production","Electricity","Gigawatt-hour","67,379.300",""
"2015","Bulgaria","Gross electricity production","Electricity","Gigawatt-hour","49,228.000",""
"2015","Bulgaria","Net electricity production","Electricity","Gigawatt-hour","44,727.000",""
"2015","Czechia","Gross electricity production","Electricity","Gigawatt-hour","83,892.000",""
"2015","Czechia","Net electricity production","Electricity","Gigawatt-hour","76,916.000",""
"2015","Denmark","Gross electricity production","Electricity","Gigawatt-hour","28,940.632",""
"2015","Denmark","Net electricity production","Electricity","Gigawatt-hour","27,921.142",""
"2015","Germany (until 1990 former territory of the FRG)","Gross electricity production","Electricity","Gigawatt-hour","648,309.000",""
"2015","Germany (until 1990 former territory of the FRG)","Net electricity production","Electricity","Gigawatt-hour","610,292.000",""
"2015","Estonia","Gross electricity production","Electricity","Gigawatt-hour","10,148.830",""
"2015","Estonia","Net electricity production","Electricity","Gigawatt-hour","9,062.000",""
"2015","Ireland","Gross electricity production","Electricity","Gigawatt-hour","28,390.630",""
"2015","Ireland","Net electricity production","Electricity","Gigawatt-hour","27,622.562",""
"2015","Greece","Gross electricity production","Electricity","Gigawatt-hour","51,874.000",""
"2015","Greece","Net electricity production","Electricity","Gigawatt-hour","47,806.000",""
"2015","Spain","Gross electricity production","Electricity","Gigawatt-hour","280,911.454",""
"2015","Spain","Net electricity production","Electricity","Gigawatt-hour","269,751.000",""
"2015","France","Gross electricity production","Electricity","Gigawatt-hour","579,589.348",""
"2015","France","Net electricity production","Electricity","Gigawatt-hour","555,297.541",""
"2015","Croatia","Gross electricity production","Electricity","Gigawatt-hour","11,403.000",""
"2015","Croatia","Net electricity production","Electricity","Gigawatt-hour","10,983.000",""
"2015","Italy","Gross electricity production","Electricity","Gigawatt-hour","282,993.468",""
"2015","Italy","Net electricity production","Electricity","Gigawatt-hour","272,428.421",""
"2015","Cyprus","Gross electricity production","Electricity","Gigawatt-hour","4,534.516",""
"2015","Cyprus","Net electricity production","Electricity","Gigawatt-hour","4,313.516",""
"2015","Latvia","Gross electricity production","Electricity","Gigawatt-hour","5,533.490",""
"2015","Latvia","Net electricity production","Electricity","Gigawatt-hour","5,092.570",""
"2015","Lithuania","Gross electricity production","Electricity","Gigawatt-hour","4,933.000",""
"2015","Lithuania","Net electricity production","Electricity","Gigawatt-hour","4,676.000",""
"2015","Luxembourg","Gross electricity production","Electricity","Gigawatt-hour","2,766.080",""
"2015","Luxembourg","Net electricity production","Electricity","Gigawatt-hour","2,737.791",""
"2015","Hungary","Gross electricity production","Electricity","Gigawatt-hour","30,360.000",""
"2015","Hungary","Net electricity production","Electricity","Gigawatt-hour","28,150.000",""
"2015","Malta","Gross electricity production","Electricity","Gigawatt-hour","1,303.000",""
"2015","Malta","Net electricity production","Electricity","Gigawatt-hour","1,239.000",""
"2015","Netherlands","Gross electricity production","Electricity","Gigawatt-hour","110,231.175",""
"2015","Netherlands","Net electricity production","Electricity","Gigawatt-hour","105,749.448",""
"2015","Austria","Gross electricity production","Electricity","Gigawatt-hour","65,299.422",""
"2015","Austria","Net electricity production","Electricity","Gigawatt-hour","61,927.725",""
"2015","Poland","Gross electricity production","Electricity","Gigawatt-hour","164,944.000",""
"2015","Poland","Net electricity production","Electricity","Gigawatt-hour","150,695.000",""
"2015","Portugal","Gross electricity production","Electricity","Gigawatt-hour","52,420.046",""
"2015","Portugal","Net electricity production","Electricity","Gigawatt-hour","50,939.931",""
"2015","Romania","Gross electricity production","Electricity","Gigawatt-hour","66,296.000",""
"2015","Romania","Net electricity production","Electricity","Gigawatt-hour","61,277.000",""
"2015","Slovenia","Gross electricity production","Electricity","Gigawatt-hour","15,100.000",""
"2015","Slovenia","Net electricity production","Electricity","Gigawatt-hour","14,187.000",""
"2015","Slovakia","Gross electricity production","Electricity","Gigawatt-hour","26,903.000",""
"2015","Slovakia","Net electricity production","Electricity","Gigawatt-hour","24,758.000",""
"2015","Finland","Gross electricity production","Electricity","Gigawatt-hour","68,599.000",""
"2015","Finland","Net electricity production","Electricity","Gigawatt-hour","66,155.000",""
"2015","Sweden","Gross electricity production","Electricity","Gigawatt-hour","162,112.000",""
"2015","Sweden","Net electricity production","Electricity","Gigawatt-hour","159,045.000",""
"2015","Iceland","Gross electricity production","Electricity","Gigawatt-hour","18,799.000",""
"2015","Iceland","Net electricity production","Electricity","Gigawatt-hour","18,558.000",""
"2015","Liechtenstein","Gross electricity production","Electricity","Gigawatt-hour","70.000",""
"2015","Liechtenstein","Net electricity production","Electricity","Gigawatt-hour","70.000",""
"2015","Norway","Gross electricity production","Electricity","Gigawatt-hour","144,546.000",""
"2015","Norway","Net electricity production","Electricity","Gigawatt-hour","143,904.000",""
"2015","United Kingdom","Gross electricity production","Electricity","Gigawatt-hour","338,086.412",""
"2015","United Kingdom","Net electricity production","Electricity","Gigawatt-hour","327,447.161",""
"2015","Montenegro","Gross electricity production","Electricity","Gigawatt-hour","3,003.000",""
"2015","Montenegro","Net electricity production","Electricity","Gigawatt-hour","2,872.000",""
"2015","North Macedonia","Gross electricity production","Electricity","Gigawatt-hour","5,646.000",""
"2015","North Macedonia","Net electricity production","Electricity","Gigawatt-hour","5,278.000",""
"2015","Albania","Gross electricity production","Electricity","Gigawatt-hour","5,895.000",""
"2015","Albania","Net electricity production","Electricity","Gigawatt-hour","5,866.000",""
"2015","Serbia","Gross electricity production","Electricity","Gigawatt-hour","38,298.001",""
"2015","Serbia","Net electricity production","Electricity","Gigawatt-hour","35,639.000",""
"2015","Turkey","Gross electricity production","Electricity","Gigawatt-hour","261,783.000",""
"2015","Turkey","Net electricity production","Electricity","Gigawatt-hour","249,900.000",""
"2015","Bosnia and Herzegovina","Gross electricity production","Electricity","Gigawatt-hour","16,438.000",""
"2015","Bosnia and Herzegovina","Net electricity production","Electricity","Gigawatt-hour","15,453.000",""
"2015","Kosovo (under United Nations Security Council Resolution 1244/99)","Gross electricity production","Electricity","Gigawatt-hour","6,119.000",""
"2015","Kosovo (under United Nations Security Council Resolution 1244/99)","Net electricity production","Electricity","Gigawatt-hour","5,501.000",""
"2015","Moldova","Gross electricity production","Electricity","Gigawatt-hour","939.000",""
"2015","Moldova","Net electricity production","Electricity","Gigawatt-hour","805.000",""
"2015","Ukraine","Gross electricity production","Electricity","Gigawatt-hour","163,682.000",""
"2015","Ukraine","Net electricity production","Electricity","Gigawatt-hour","150,650.000",""
"2015","Georgia","Gross electricity production","Electricity","Gigawatt-hour","10,833.000",""
"2015","Georgia","Net electricity production","Electricity","Gigawatt-hour","10,592.000",""
"2016","European Union - 27 countries (from 2020)","Gross electricity production","Electricity","Gigawatt-hour","2,928,330.802",""
"2016","European Union - 27 countries (from 2020)","Net electricity production","Electricity","Gigawatt-hour","2,784,106.766",""
"2016","European Union - 28 countries (2013-2020)","Gross electricity production","Electricity","Gigawatt-hour","3,267,547.925",""
"2016","European Union - 28 countries (2013-2020)","Net electricity production","Electricity","Gigawatt-hour","3,108,003.422",""
"2016","Euro area - 19 countries  (from 2015)","Gross electricity production","Electricity","Gigawatt-hour","2,336,736.396",""
"2016","Euro area - 19 countries  (from 2015)","Net electricity production","Electricity","Gigawatt-hour","2,230,784.695",""
"2016","Belgium","Gross electricity production","Electricity","Gigawatt-hour","85,812.900",""
"2016","Belgium","Net electricity production","Electricity","Gigawatt-hour","82,457.000",""
"2016","Bulgaria","Gross electricity production","Electricity","Gigawatt-hour","45,277.000",""
"2016","Bulgaria","Net electricity production","Electricity","Gigawatt-hour","41,221.000",""
"2016","Czechia","Gross electricity production","Electricity","Gigawatt-hour","83,309.000",""
"2016","Czechia","Net electricity production","Electricity","Gigawatt-hour","76,398.000",""
"2016","Denmark","Gross electricity production","Electricity","Gigawatt-hour","30,538.406",""
"2016","Denmark","Net electricity production","Electricity","Gigawatt-hour","29,081.071",""
"2016","Germany (until 1990 former territory of the FRG)","Gross electricity production","Electricity","Gigawatt-hour","650,449.000",""
"2016","Germany (until 1990 former territory of the FRG)","Net electricity production","Electricity","Gigawatt-hour","614,332.000",""
"2016","Estonia","Gross electricity production","Electricity","Gigawatt-hour","12,169.924",""
"2016","Estonia","Net electricity production","Electricity","Gigawatt-hour","10,433.677",""
"2016","Ireland","Gross electricity production","Electricity","Gigawatt-hour","30,512.956",""
"2016","Ireland","Net electricity production","Electricity","Gigawatt-hour","29,691.595",""
"2016","Greece","Gross electricity production","Electricity","Gigawatt-hour","54,438.584",""
"2016","Greece","Net electricity production","Electricity","Gigawatt-hour","50,227.000",""
"2016","Spain","Gross electricity production","Electricity","Gigawatt-hour","274,771.767",""
"2016","Spain","Net electricity production","Electricity","Gigawatt-hour","264,344.000",""
"2016","France","Gross electricity production","Electricity","Gigawatt-hour","564,053.495",""
"2016","France","Net electricity production","Electricity","Gigawatt-hour","540,419.765",""
"2016","Croatia","Gross electricity production","Electricity","Gigawatt-hour","12,820.000",""
"2016","Croatia","Net electricity production","Electricity","Gigawatt-hour","12,284.000",""
"2016","Italy","Gross electricity production","Electricity","Gigawatt-hour","289,767.960",""
"2016","Italy","Net electricity production","Electricity","Gigawatt-hour","279,702.622",""
"2016","Cyprus","Gross electricity production","Electricity","Gigawatt-hour","4,887.638",""
"2016","Cyprus","Net electricity production","Electricity","Gigawatt-hour","4,667.638",""
"2016","Latvia","Gross electricity production","Electricity","Gigawatt-hour","6,424.410",""
"2016","Latvia","Net electricity production","Electricity","Gigawatt-hour","5,926.582",""
"2016","Lithuania","Gross electricity production","Electricity","Gigawatt-hour","4,266.000",""
"2016","Lithuania","Net electricity production","Electricity","Gigawatt-hour","4,051.000",""
"2016","Luxembourg","Gross electricity production","Electricity","Gigawatt-hour","2,197.580",""
"2016","Luxembourg","Net electricity production","Electricity","Gigawatt-hour","2,167.690",""
"2016","Hungary","Gross electricity production","Electricity","Gigawatt-hour","31,902.000",""
"2016","Hungary","Net electricity production","Electricity","Gigawatt-hour","29,548.000",""
"2016","Malta","Gross electricity production","Electricity","Gigawatt-hour","857.084",""
"2016","Malta","Net electricity production","Electricity","Gigawatt-hour","806.542",""
"2016","Netherlands","Gross electricity production","Electricity","Gigawatt-hour","115,168.650",""
"2016","Netherlands","Net electricity production","Electricity","Gigawatt-hour","110,989.021",""
"2016","Austria","Gross electricity production","Electricity","Gigawatt-hour","68,308.186",""
"2016","Austria","Net electricity production","Electricity","Gigawatt-hour","64,960.511",""
"2016","Poland","Gross electricity production","Electricity","Gigawatt-hour","166,635.000",""
"2016","Poland","Net electricity production","Electricity","Gigawatt-hour","152,003.000",""
"2016","Portugal","Gross electricity production","Electricity","Gigawatt-hour","60,329.262",""
"2016","Portugal","Net electricity production","Electricity","Gigawatt-hour","58,862.052",""
"2016","Romania","Gross electricity production","Electricity","Gigawatt-hour","65,103.000",""
"2016","Romania","Net electricity production","Electricity","Gigawatt-hour","60,256.000",""
"2016","Slovenia","Gross electricity production","Electricity","Gigawatt-hour","16,500.000",""
"2016","Slovenia","Net electricity production","Electricity","Gigawatt-hour","15,546.000",""
"2016","Slovakia","Gross electricity production","Electricity","Gigawatt-hour","27,064.000",""
"2016","Slovakia","Net electricity production","Electricity","Gigawatt-hour","24,997.000",""
"2016","Finland","Gross electricity production","Electricity","Gigawatt-hour","68,757.000",""
"2016","Finland","Net electricity production","Electricity","Gigawatt-hour","66,203.000",""
"2016","Sweden","Gross electricity production","Electricity","Gigawatt-hour","156,010.000",""
"2016","Sweden","Net electricity production","Electricity","Gigawatt-hour","152,531.000",""
"2016","Iceland","Gross electricity production","Electricity","Gigawatt-hour","18,550.000",""
"2016","Iceland","Net electricity production","Electricity","Gigawatt-hour","18,172.000",""
"2016","Liechtenstein","Gross electricity production","Electricity","Gigawatt-hour","90.000",""
"2016","Liechtenstein","Net electricity production","Electricity","Gigawatt-hour","90.000",""
"2016","Norway","Gross electricity production","Electricity","Gigawatt-hour","149,042.000",""
"2016","Norway","Net electricity production","Electricity","Gigawatt-hour","148,479.000",""
"2016","United Kingdom","Gross electricity production","Electricity","Gigawatt-hour","339,217.123",""
"2016","United Kingdom","Net electricity production","Electricity","Gigawatt-hour","323,896.656",""
"2016","Montenegro","Gross electricity production","Electricity","Gigawatt-hour","3,141.000",""
"2016","Montenegro","Net electricity production","Electricity","Gigawatt-hour","3,023.000",""
"2016","North Macedonia","Gross electricity production","Electricity","Gigawatt-hour","5,629.504",""
"2016","North Macedonia","Net electricity production","Electricity","Gigawatt-hour","5,284.253",""
"2016","Albania","Gross electricity production","Electricity","Gigawatt-hour","7,782.000",""
"2016","Albania","Net electricity production","Electricity","Gigawatt-hour","7,720.000",""
"2016","Serbia","Gross electricity production","Electricity","Gigawatt-hour","39,342.001",""
"2016","Serbia","Net electricity production","Electricity","Gigawatt-hour","36,628.000",""
"2016","Turkey","Gross electricity production","Electricity","Gigawatt-hour","274,408.000",""
"2016","Turkey","Net electricity production","Electricity","Gigawatt-hour","261,937.000",""
"2016","Bosnia and Herzegovina","Gross electricity production","Electricity","Gigawatt-hour","17,767.000",""
"2016","Bosnia and Herzegovina","Net electricity production","Electricity","Gigawatt-hour","16,609.000",""
"2016","Kosovo (under United Nations Security Council Resolution 1244/99)","Gross electricity production","Electricity","Gigawatt-hour","5,981.000",""
"2016","Kosovo (under United Nations Security Council Resolution 1244/99)","Net electricity production","Electricity","Gigawatt-hour","5,551.000",""
"2016","Moldova","Gross electricity production","Electricity","Gigawatt-hour","906.000",""
"2016","Moldova","Net electricity production","Electricity","Gigawatt-hour","770.000",""
"2016","Ukraine","Gross electricity production","Electricity","Gigawatt-hour","164,573.000",""
"2016","Ukraine","Net electricity production","Electricity","Gigawatt-hour","151,889.000",""
"2016","Georgia","Gross electricity production","Electricity","Gigawatt-hour","11,574.000",""
"2016","Georgia","Net electricity production","Electricity","Gigawatt-hour","11,365.000",""
"2017","European Union - 27 countries (from 2020)","Gross electricity production","Electricity","Gigawatt-hour","2,961,036.649",""
"2017","European Union - 27 countries (from 2020)","Net electricity production","Electricity","Gigawatt-hour","2,814,907.158",""
"2017","European Union - 28 countries (2013-2020)","Gross electricity production","Electricity","Gigawatt-hour","3,298,970.368",""
"2017","European Union - 28 countries (2013-2020)","Net electricity production","Electricity","Gigawatt-hour","3,137,634.263",""
"2017","Euro area - 19 countries  (from 2015)","Gross electricity production","Electricity","Gigawatt-hour","2,353,471.176",""
"2017","Euro area - 19 countries  (from 2015)","Net electricity production","Electricity","Gigawatt-hour","2,247,059.115",""
"2017","Belgium","Gross electricity production","Electricity","Gigawatt-hour","86,775.700",""
"2017","Belgium","Net electricity production","Electricity","Gigawatt-hour","83,116.900",""
"2017","Bulgaria","Gross electricity production","Electricity","Gigawatt-hour","45,612.786",""
"2017","Bulgaria","Net electricity production","Electricity","Gigawatt-hour","41,351.303",""
"2017","Czechia","Gross electricity production","Electricity","Gigawatt-hour","87,050.264",""
"2017","Czechia","Net electricity production","Electricity","Gigawatt-hour","79,885.766",""
"2017","Denmark","Gross electricity production","Electricity","Gigawatt-hour","31,022.552",""
"2017","Denmark","Net electricity production","Electricity","Gigawatt-hour","29,638.300",""
"2017","Germany (until 1990 former territory of the FRG)","Gross electricity production","Electricity","Gigawatt-hour","653,723.000",""
"2017","Germany (until 1990 former territory of the FRG)","Net electricity production","Electricity","Gigawatt-hour","619,053.000",""
"2017","Estonia","Gross electricity production","Electricity","Gigawatt-hour","13,160.460",""
"2017","Estonia","Net electricity production","Electricity","Gigawatt-hour","11,248.492",""
"2017","Ireland","Gross electricity production","Electricity","Gigawatt-hour","30,875.121",""
"2017","Ireland","Net electricity production","Electricity","Gigawatt-hour","30,092.493",""
"2017","Greece","Gross electricity production","Electricity","Gigawatt-hour","55,266.089",""
"2017","Greece","Net electricity production","Electricity","Gigawatt-hour","50,589.215",""
"2017","Spain","Gross electricity production","Electricity","Gigawatt-hour","275,726.000",""
"2017","Spain","Net electricity production","Electricity","Gigawatt-hour","264,918.000",""
"2017","France","Gross electricity production","Electricity","Gigawatt-hour","561,942.486",""
"2017","France","Net electricity production","Electricity","Gigawatt-hour","537,849.214",""
"2017","Croatia","Gross electricity production","Electricity","Gigawatt-hour","11,983.500",""
"2017","Croatia","Net electricity production","Electricity","Gigawatt-hour","11,522.900",""
"2017","Italy","Gross electricity production","Electricity","Gigawatt-hour","295,830.011",""
"2017","Italy","Net electricity production","Electricity","Gigawatt-hour","285,265.649",""
"2017","Cyprus","Gross electricity production","Electricity","Gigawatt-hour","5,004.365",""
"2017","Cyprus","Net electricity production","Electricity","Gigawatt-hour","4,778.280",""
"2017","Latvia","Gross electricity production","Electricity","Gigawatt-hour","7,531.189",""
"2017","Latvia","Net electricity production","Electricity","Gigawatt-hour","7,024.859",""
"2017","Lithuania","Gross electricity production","Electricity","Gigawatt-hour","4,187.200",""
"2017","Lithuania","Net electricity production","Electricity","Gigawatt-hour","3,996.100",""
"2017","Luxembourg","Gross electricity production","Electricity","Gigawatt-hour","2,235.140",""
"2017","Luxembourg","Net electricity production","Electricity","Gigawatt-hour","2,204.811",""
"2017","Hungary","Gross electricity production","Electricity","Gigawatt-hour","32,885.000",""
"2017","Hungary","Net electricity production","Electricity","Gigawatt-hour","30,699.000",""
"2017","Malta","Gross electricity production","Electricity","Gigawatt-hour","1,651.778",""
"2017","Malta","Net electricity production","Electricity","Gigawatt-hour","1,602.516",""
"2017","Netherlands","Gross electricity production","Electricity","Gigawatt-hour","117,219.277",""
"2017","Netherlands","Net electricity production","Electricity","Gigawatt-hour","113,425.137",""
"2017","Austria","Gross electricity production","Electricity","Gigawatt-hour","71,324.414",""
"2017","Austria","Net electricity production","Electricity","Gigawatt-hour","68,093.595",""
"2017","Poland","Gross electricity production","Electricity","Gigawatt-hour","170,465.352",""
"2017","Poland","Net electricity production","Electricity","Gigawatt-hour","154,869.344",""
"2017","Portugal","Gross electricity production","Electricity","Gigawatt-hour","59,431.721",""
"2017","Portugal","Net electricity production","Electricity","Gigawatt-hour","57,668.978",""
"2017","Romania","Gross electricity production","Electricity","Gigawatt-hour","64,296.019",""
"2017","Romania","Net electricity production","Electricity","Gigawatt-hour","59,355.430",""
"2017","Slovenia","Gross electricity production","Electricity","Gigawatt-hour","16,326.225",""
"2017","Slovenia","Net electricity production","Electricity","Gigawatt-hour","15,396.876",""
"2017","Slovakia","Gross electricity production","Electricity","Gigawatt-hour","27,738.000",""
"2017","Slovakia","Net electricity production","Electricity","Gigawatt-hour","25,692.000",""
"2017","Finland","Gross electricity production","Electricity","Gigawatt-hour","67,523.000",""
"2017","Finland","Net electricity production","Electricity","Gigawatt-hour","65,043.000",""
"2017","Sweden","Gross electricity production","Electricity","Gigawatt-hour","164,250.000",""
"2017","Sweden","Net electricity production","Electricity","Gigawatt-hour","160,526.000",""
"2017","Iceland","Gross electricity production","Electricity","Gigawatt-hour","19,238.533",""
"2017","Iceland","Net electricity production","Electricity","Gigawatt-hour","18,846.295",""
"2017","Liechtenstein","Gross electricity production","Electricity","Gigawatt-hour","92.000",""
"2017","Liechtenstein","Net electricity production","Electricity","Gigawatt-hour","92.000",""
"2017","Norway","Gross electricity production","Electricity","Gigawatt-hour","149,480.000",""
"2017","Norway","Net electricity production","Electricity","Gigawatt-hour","148,763.000",""
"2017","United Kingdom","Gross electricity production","Electricity","Gigawatt-hour","337,933.719",""
"2017","United Kingdom","Net electricity production","Electricity","Gigawatt-hour","322,727.105",""
"2017","Montenegro","Gross electricity production","Electricity","Gigawatt-hour","2,482.800",""
"2017","Montenegro","Net electricity production","Electricity","Gigawatt-hour","2,363.800",""
"2017","North Macedonia","Gross electricity production","Electricity","Gigawatt-hour","5,600.189",""
"2017","North Macedonia","Net electricity production","Electricity","Gigawatt-hour","5,226.865",""
"2017","Albania","Gross electricity production","Electricity","Gigawatt-hour","4,526.179",""
"2017","Albania","Net electricity production","Electricity","Gigawatt-hour","4,497.807",""
"2017","Serbia","Gross electricity production","Electricity","Gigawatt-hour","37,045.359",""
"2017","Serbia","Net electricity production","Electricity","Gigawatt-hour","34,298.552",""
"2017","Turkey","Gross electricity production","Electricity","Gigawatt-hour","297,277.524",""
"2017","Turkey","Net electricity production","Electricity","Gigawatt-hour","284,257.519",""
"2017","Bosnia and Herzegovina","Gross electricity production","Electricity","Gigawatt-hour","16,438.000",""
"2017","Bosnia and Herzegovina","Net electricity production","Electricity","Gigawatt-hour","15,239.000",""
"2017","Kosovo (under United Nations Security Council Resolution 1244/99)","Gross electricity production","Electricity","Gigawatt-hour","5,918.336",""
"2017","Kosovo (under United Nations Security Council Resolution 1244/99)","Net electricity production","Electricity","Gigawatt-hour","5,301.275",""
"2017","Moldova","Gross electricity production","Electricity","Gigawatt-hour","896.000",""
"2017","Moldova","Net electricity production","Electricity","Gigawatt-hour","761.000",""
"2017","Ukraine","Gross electricity production","Electricity","Gigawatt-hour","156,035.600",""
"2017","Ukraine","Net electricity production","Electricity","Gigawatt-hour","144,905.800",""
"2017","Georgia","Gross electricity production","Electricity","Gigawatt-hour","11,531.200",""
"2017","Georgia","Net electricity production","Electricity","Gigawatt-hour","11,315.800",""
"2018","European Union - 27 countries (from 2020)","Gross electricity production","Electricity","Gigawatt-hour","2,945,306.131",""
"2018","European Union - 27 countries (from 2020)","Net electricity production","Electricity","Gigawatt-hour","2,806,019.987",""
"2018","European Union - 28 countries (2013-2020)","Gross electricity production","Electricity","Gigawatt-hour","3,277,810.264",""
"2018","European Union - 28 countries (2013-2020)","Net electricity production","Electricity","Gigawatt-hour","3,123,382.115",""
"2018","Euro area - 19 countries  (from 2015)","Gross electricity production","Electricity","Gigawatt-hour","2,336,081.481",""
"2018","Euro area - 19 countries  (from 2015)","Net electricity production","Electricity","Gigawatt-hour","2,234,970.340",""
"2018","Belgium","Gross electricity production","Electricity","Gigawatt-hour","75,098.300",""
"2018","Belgium","Net electricity production","Electricity","Gigawatt-hour","71,984.300",""
"2018","Bulgaria","Gross electricity production","Electricity","Gigawatt-hour","46,837.670",""
"2018","Bulgaria","Net electricity production","Electricity","Gigawatt-hour","42,714.415",""
"2018","Czechia","Gross electricity production","Electricity","Gigawatt-hour","88,032.022",""
"2018","Czechia","Net electricity production","Electricity","Gigawatt-hour","80,861.141",""
"2018","Denmark","Gross electricity production","Electricity","Gigawatt-hour","30,368.333",""
"2018","Denmark","Net electricity production","Electricity","Gigawatt-hour","29,314.300",""
"2018","Germany (until 1990 former territory of the FRG)","Gross electricity production","Electricity","Gigawatt-hour","642,900.000",""
"2018","Germany (until 1990 former territory of the FRG)","Net electricity production","Electricity","Gigawatt-hour","608,912.000",""
"2018","Estonia","Gross electricity production","Electricity","Gigawatt-hour","12,364.171",""
"2018","Estonia","Net electricity production","Electricity","Gigawatt-hour","10,932.802",""
"2018","Ireland","Gross electricity production","Electricity","Gigawatt-hour","31,133.787",""
"2018","Ireland","Net electricity production","Electricity","Gigawatt-hour","30,352.292",""
"2018","Greece","Gross electricity production","Electricity","Gigawatt-hour","53,262.785",""
"2018","Greece","Net electricity production","Electricity","Gigawatt-hour","50,781.194",""
"2018","Spain","Gross electricity production","Electricity","Gigawatt-hour","274,452.000",""
"2018","Spain","Net electricity production","Electricity","Gigawatt-hour","263,827.000",""
"2018","France","Gross electricity production","Electricity","Gigawatt-hour","581,785.473",""
"2018","France","Net electricity production","Electricity","Gigawatt-hour","557,797.811",""
"2018","Croatia","Gross electricity production","Electricity","Gigawatt-hour","13,631.700",""
"2018","Croatia","Net electricity production","Electricity","Gigawatt-hour","13,181.600",""
"2018","Italy","Gross electricity production","Electricity","Gigawatt-hour","289,708.433",""
"2018","Italy","Net electricity production","Electricity","Gigawatt-hour","279,844.619",""
"2018","Cyprus","Gross electricity production","Electricity","Gigawatt-hour","5,060.567",""
"2018","Cyprus","Net electricity production","Electricity","Gigawatt-hour","4,827.281",""
"2018","Latvia","Gross electricity production","Electricity","Gigawatt-hour","6,724.875",""
"2018","Latvia","Net electricity production","Electricity","Gigawatt-hour","6,203.231",""
"2018","Lithuania","Gross electricity production","Electricity","Gigawatt-hour","3,511.100",""
"2018","Lithuania","Net electricity production","Electricity","Gigawatt-hour","3,314.300",""
"2018","Luxembourg","Gross electricity production","Electricity","Gigawatt-hour","2,200.918",""
"2018","Luxembourg","Net electricity production","Electricity","Gigawatt-hour","2,171.402",""
"2018","Hungary","Gross electricity production","Electricity","Gigawatt-hour","32,039.000",""
"2018","Hungary","Net electricity production","Electricity","Gigawatt-hour","29,866.000",""
"2018","Malta","Gross electricity production","Electricity","Gigawatt-hour","1,961.317",""
"2018","Malta","Net electricity production","Electricity","Gigawatt-hour","1,911.107",""
"2018","Netherlands","Gross electricity production","Electricity","Gigawatt-hour","114,102.850",""
"2018","Netherlands","Net electricity production","Electricity","Gigawatt-hour","110,692.105",""
"2018","Austria","Gross electricity production","Electricity","Gigawatt-hour","68,617.889",""
"2018","Austria","Net electricity production","Electricity","Gigawatt-hour","65,383.711",""
"2018","Poland","Gross electricity production","Electricity","Gigawatt-hour","170,039.461",""
"2018","Poland","Net electricity production","Electricity","Gigawatt-hour","155,259.671",""
"2018","Portugal","Gross electricity production","Electricity","Gigawatt-hour","59,636.081",""
"2018","Portugal","Net electricity production","Electricity","Gigawatt-hour","58,197.215",""
"2018","Romania","Gross electricity production","Electricity","Gigawatt-hour","64,876.464",""
"2018","Romania","Net electricity production","Electricity","Gigawatt-hour","60,175.520",""
"2018","Slovenia","Gross electricity production","Electricity","Gigawatt-hour","16,326.935",""
"2018","Slovenia","Net electricity production","Electricity","Gigawatt-hour","15,441.970",""
"2018","Slovakia","Gross electricity production","Electricity","Gigawatt-hour","26,971.000",""
"2018","Slovakia","Net electricity production","Electricity","Gigawatt-hour","24,863.000",""
"2018","Finland","Gross electricity production","Electricity","Gigawatt-hour","70,263.000",""
"2018","Finland","Net electricity production","Electricity","Gigawatt-hour","67,533.000",""
"2018","Sweden","Gross electricity production","Electricity","Gigawatt-hour","163,400.000",""
"2018","Sweden","Net electricity production","Electricity","Gigawatt-hour","159,677.000",""
"2018","Iceland","Gross electricity production","Electricity","Gigawatt-hour","19,829.760",""
"2018","Iceland","Net electricity production","Electricity","Gigawatt-hour","19,432.498",""
"2018","Liechtenstein","Gross electricity production","Electricity","Gigawatt-hour","89.000",""
"2018","Liechtenstein","Net electricity production","Electricity","Gigawatt-hour","89.000",""
"2018","Norway","Gross electricity production","Electricity","Gigawatt-hour","146,890.773",""
"2018","Norway","Net electricity production","Electricity","Gigawatt-hour","146,237.601",""
"2018","United Kingdom","Gross electricity production","Electricity","Gigawatt-hour","332,504.133",""
"2018","United Kingdom","Net electricity production","Electricity","Gigawatt-hour","317,362.128",""
"2018","Montenegro","Gross electricity production","Electricity","Gigawatt-hour","3,810.700",""
"2018","Montenegro","Net electricity production","Electricity","Gigawatt-hour","3,677.000",""
"2018","North Macedonia","Gross electricity production","Electricity","Gigawatt-hour","5,607.170",""
"2018","North Macedonia","Net electricity production","Electricity","Gigawatt-hour","5,282.753",""
"2018","Albania","Gross electricity production","Electricity","Gigawatt-hour","8,553.486",""
"2018","Albania","Net electricity production","Electricity","Gigawatt-hour","8,508.253",""
"2018","Serbia","Gross electricity production","Electricity","Gigawatt-hour","37,425.745",""
"2018","Serbia","Net electricity production","Electricity","Gigawatt-hour","34,783.407",""
"2018","Turkey","Gross electricity production","Electricity","Gigawatt-hour","304,801.884",""
"2018","Turkey","Net electricity production","Electricity","Gigawatt-hour","290,502.158",""
"2018","Bosnia and Herzegovina","Gross electricity production","Electricity","Gigawatt-hour","19,160.000",""
"2018","Bosnia and Herzegovina","Net electricity production","Electricity","Gigawatt-hour","17,912.000",""
"2018","Kosovo (under United Nations Security Council Resolution 1244/99)","Gross electricity production","Electricity","Gigawatt-hour","5,915.211",""
"2018","Kosovo (under United Nations Security Council Resolution 1244/99)","Net electricity production","Electricity","Gigawatt-hour","5,380.571",""
"2018","Moldova","Gross electricity production","Electricity","Gigawatt-hour","954.000",""
"2018","Moldova","Net electricity production","Electricity","Gigawatt-hour","822.000",""
"2018","Ukraine","Gross electricity production","Electricity","Gigawatt-hour","159,833.000",""
"2018","Ukraine","Net electricity production","Electricity","Gigawatt-hour","147,093.200",""
"2018","Georgia","Gross electricity production","Electricity","Gigawatt-hour","12,148.600",""
"2018","Georgia","Net electricity production","Electricity","Gigawatt-hour","11,933.700",""
"2019","European Union - 27 countries (from 2020)","Gross electricity production","Electricity","Gigawatt-hour","2,908,932.294",""
"2019","European Union - 27 countries (from 2020)","Net electricity production","Electricity","Gigawatt-hour","2,778,473.801",""
"2019","European Union - 28 countries (2013-2020)","Gross electricity production","Electricity","Gigawatt-hour","3,231,776.217",""
"2019","European Union - 28 countries (2013-2020)","Net electricity production","Electricity","Gigawatt-hour","3,088,812.304",""
"2019","Euro area - 19 countries  (from 2015)","Gross electricity production","Electricity","Gigawatt-hour","2,309,109.545",""
"2019","Euro area - 19 countries  (from 2015)","Net electricity production","Electricity","Gigawatt-hour","2,212,870.346",""
"2019","Belgium","Gross electricity production","Electricity","Gigawatt-hour","93,746.000",""
"2019","Belgium","Net electricity production","Electricity","Gigawatt-hour","89,890.600",""
"2019","Bulgaria","Gross electricity production","Electricity","Gigawatt-hour","44,301.773",""
"2019","Bulgaria","Net electricity production","Electricity","Gigawatt-hour","40,346.135",""
"2019","Czechia","Gross electricity production","Electricity","Gigawatt-hour","87,030.605",""
"2019","Czechia","Net electricity production","Electricity","Gigawatt-hour","80,116.433",""
"2019","Denmark","Gross electricity production","Electricity","Gigawatt-hour","29,525.765",""
"2019","Denmark","Net electricity production","Electricity","Gigawatt-hour","28,692.606",""
"2019","Germany (until 1990 former territory of the FRG)","Gross electricity production","Electricity","Gigawatt-hour","609,065.000",""
"2019","Germany (until 1990 former territory of the FRG)","Net electricity production","Electricity","Gigawatt-hour","578,863.000",""
"2019","Estonia","Gross electricity production","Electricity","Gigawatt-hour","7,615.585",""
"2019","Estonia","Net electricity production","Electricity","Gigawatt-hour","6,600.100",""
"2019","Ireland","Gross electricity production","Electricity","Gigawatt-hour","30,940.936",""
"2019","Ireland","Net electricity production","Electricity","Gigawatt-hour","30,209.935",""
"2019","Greece","Gross electricity production","Electricity","Gigawatt-hour","48,626.171",""
"2019","Greece","Net electricity production","Electricity","Gigawatt-hour","45,557.000",""
"2019","Spain","Gross electricity production","Electricity","Gigawatt-hour","273,257.000",""
"2019","Spain","Net electricity production","Electricity","Gigawatt-hour","263,796.000",""
"2019","France","Gross electricity production","Electricity","Gigawatt-hour","570,844.568",""
"2019","France","Net electricity production","Electricity","Gigawatt-hour","546,974.825",""
"2019","Croatia","Gross electricity production","Electricity","Gigawatt-hour","12,760.300",""
"2019","Croatia","Net electricity production","Electricity","Gigawatt-hour","12,250.100",""
"2019","Italy","Gross electricity production","Electricity","Gigawatt-hour","293,853.207",""
"2019","Italy","Net electricity production","Electricity","Gigawatt-hour","283,950.056",""
"2019","Cyprus","Gross electricity production","Electricity","Gigawatt-hour","5,141.491",""
"2019","Cyprus","Net electricity production","Electricity","Gigawatt-hour","4,913.788",""
"2019","Latvia","Gross electricity production","Electricity","Gigawatt-hour","6,438.385",""
"2019","Latvia","Net electricity production","Electricity","Gigawatt-hour","5,962.656",""
"2019","Lithuania","Gross electricity production","Electricity","Gigawatt-hour","3,971.600",""
"2019","Lithuania","Net electricity production","Electricity","Gigawatt-hour","3,764.600",""
"2019","Luxembourg","Gross electricity production","Electricity","Gigawatt-hour","1,907.970",""
"2019","Luxembourg","Net electricity production","Electricity","Gigawatt-hour","1,876.927",""
"2019","Hungary","Gross electricity production","Electricity","Gigawatt-hour","34,154.000",""
"2019","Hungary","Net electricity production","Electricity","Gigawatt-hour","32,013.000",""
"2019","Malta","Gross electricity production","Electricity","Gigawatt-hour","2,076.043",""
"2019","Malta","Net electricity production","Electricity","Gigawatt-hour","2,017.420",""
"2019","Netherlands","Gross electricity production","Electricity","Gigawatt-hour","121,061.552",""
"2019","Netherlands","Net electricity production","Electricity","Gigawatt-hour","117,571.758",""
"2019","Austria","Gross electricity production","Electricity","Gigawatt-hour","74,234.303",""
"2019","Austria","Net electricity production","Electricity","Gigawatt-hour","71,101.127",""
"2019","Poland","Gross electricity production","Electricity","Gigawatt-hour","163,988.501",""
"2019","Poland","Net electricity production","Electricity","Gigawatt-hour","151,362.969",""
"2019","Portugal","Gross electricity production","Electricity","Gigawatt-hour","53,154.170",""
"2019","Portugal","Net electricity production","Electricity","Gigawatt-hour","52,185.200",""
"2019","Romania","Gross electricity production","Electricity","Gigawatt-hour","59,622.805",""
"2019","Romania","Net electricity production","Electricity","Gigawatt-hour","55,177.212",""
"2019","Slovenia","Gross electricity production","Electricity","Gigawatt-hour","16,099.564",""
"2019","Slovenia","Net electricity production","Electricity","Gigawatt-hour","15,224.354",""
"2019","Slovakia","Gross electricity production","Electricity","Gigawatt-hour","28,434.000",""
"2019","Slovakia","Net electricity production","Electricity","Gigawatt-hour","26,366.000",""
"2019","Finland","Gross electricity production","Electricity","Gigawatt-hour","68,642.000",""
"2019","Finland","Net electricity production","Electricity","Gigawatt-hour","66,045.000",""
"2019","Sweden","Gross electricity production","Electricity","Gigawatt-hour","168,439.000",""
"2019","Sweden","Net electricity production","Electricity","Gigawatt-hour","165,645.000",""
"2019","Iceland","Gross electricity production","Electricity","Gigawatt-hour","19,488.835",""
"2019","Iceland","Net electricity production","Electricity","Gigawatt-hour","19,119.793",""
"2019","Liechtenstein","Gross electricity production","Electricity","Gigawatt-hour","102.000",""
"2019","Liechtenstein","Net electricity production","Electricity","Gigawatt-hour","102.000",""
"2019","Norway","Gross electricity production","Electricity","Gigawatt-hour","135,292.000",""
"2019","Norway","Net electricity production","Electricity","Gigawatt-hour","134,665.796",""
"2019","United Kingdom","Gross electricity production","Electricity","Gigawatt-hour","322,843.923",""
"2019","United Kingdom","Net electricity production","Electricity","Gigawatt-hour","310,338.503",""
"2019","Montenegro","Gross electricity production","Electricity","Gigawatt-hour","3,433.300",""
"2019","Montenegro","Net electricity production","Electricity","Gigawatt-hour","3,304.600",""
"2019","North Macedonia","Gross electricity production","Electricity","Gigawatt-hour","5,869.769",""
"2019","North Macedonia","Net electricity production","Electricity","Gigawatt-hour","5,500.814",""
"2019","Albania","Gross electricity production","Electricity","Gigawatt-hour","5,206.043",""
"2019","Albania","Net electricity production","Electricity","Gigawatt-hour","5,178.508",""
"2019","Serbia","Gross electricity production","Electricity","Gigawatt-hour","37,600.025",""
"2019","Serbia","Net electricity production","Electricity","Gigawatt-hour","34,564.952",""
"2019","Turkey","Gross electricity production","Electricity","Gigawatt-hour","303,897.560",""
"2019","Turkey","Net electricity production","Electricity","Gigawatt-hour","289,135.759",""
"2019","Bosnia and Herzegovina","Gross electricity production","Electricity","Gigawatt-hour","17,493.000",""
"2019","Bosnia and Herzegovina","Net electricity production","Electricity","Gigawatt-hour","16,394.000",""
"2019","Kosovo (under United Nations Security Council Resolution 1244/99)","Gross electricity production","Electricity","Gigawatt-hour","6,348.198",""
"2019","Kosovo (under United Nations Security Council Resolution 1244/99)","Net electricity production","Electricity","Gigawatt-hour","5,850.790",""
"2019","Moldova","Gross electricity production","Electricity","Gigawatt-hour","941.000",""
"2019","Moldova","Net electricity production","Electricity","Gigawatt-hour","784.000",""
"2019","Ukraine","Gross electricity production","Electricity","Gigawatt-hour","154,141.000",""
"2019","Ukraine","Net electricity production","Electricity","Gigawatt-hour","142,533.302",""
"2019","Georgia","Gross electricity production","Electricity","Gigawatt-hour","11,856.800",""
"2019","Georgia","Net electricity production","Electricity","Gigawatt-hour","11,620.302",""
"2020","European Union - 27 countries (from 2020)","Gross electricity production","Electricity","Gigawatt-hour","2,791,316.651","p"
"2020","European Union - 27 countries (from 2020)","Net electricity production","Electricity","Gigawatt-hour","2,664,096.337","p"
"2020","European Union - 28 countries (2013-2020)","Gross electricity production","Electricity","Gigawatt-hour",":",""
"2020","European Union - 28 countries (2013-2020)","Net electricity production","Electricity","Gigawatt-hour",":",""
"2020","Euro area - 19 countries  (from 2015)","Gross electricity production","Electricity","Gigawatt-hour","2,215,414.794","p"
"2020","Euro area - 19 countries  (from 2015)","Net electricity production","Electricity","Gigawatt-hour","2,123,769.359","p"
"2020","Belgium","Gross electricity production","Electricity","Gigawatt-hour","88,912.900","e"
"2020","Belgium","Net electricity production","Electricity","Gigawatt-hour","85,390.600","e"
"2020","Bulgaria","Gross electricity production","Electricity","Gigawatt-hour","40,753.318","p"
"2020","Bulgaria","Net electricity production","Electricity","Gigawatt-hour","37,224.553","p"
"2020","Czechia","Gross electricity production","Electricity","Gigawatt-hour","81,443.381","p"
"2020","Czechia","Net electricity production","Electricity","Gigawatt-hour","74,961.795","p"
"2020","Denmark","Gross electricity production","Electricity","Gigawatt-hour","28,750.514","p"
"2020","Denmark","Net electricity production","Electricity","Gigawatt-hour","27,939.231","p"
"2020","Germany (until 1990 former territory of the FRG)","Gross electricity production","Electricity","Gigawatt-hour","581,995.000","p"
"2020","Germany (until 1990 former territory of the FRG)","Net electricity production","Electricity","Gigawatt-hour","553,215.000","p"
"2020","Estonia","Gross electricity production","Electricity","Gigawatt-hour","5,632.000","p"
"2020","Estonia","Net electricity production","Electricity","Gigawatt-hour","5,019.000","p"
"2020","Ireland","Gross electricity production","Electricity","Gigawatt-hour","32,299.610","p"
"2020","Ireland","Net electricity production","Electricity","Gigawatt-hour","31,526.531","p"
"2020","Greece","Gross electricity production","Electricity","Gigawatt-hour","46,327.090","p"
"2020","Greece","Net electricity production","Electricity","Gigawatt-hour","43,409.000","p"
"2020","Spain","Gross electricity production","Electricity","Gigawatt-hour","262,296.000","p"
"2020","Spain","Net electricity production","Electricity","Gigawatt-hour","253,799.000","p"
"2020","France","Gross electricity production","Electricity","Gigawatt-hour","532,435.151","p"
"2020","France","Net electricity production","Electricity","Gigawatt-hour","509,954.552","p"
"2020","Croatia","Gross electricity production","Electricity","Gigawatt-hour","13,388.100","p"
"2020","Croatia","Net electricity production","Electricity","Gigawatt-hour","12,880.800","p"
"2020","Italy","Gross electricity production","Electricity","Gigawatt-hour","281,487.007","p"
"2020","Italy","Net electricity production","Electricity","Gigawatt-hour","272,110.000","p"
"2020","Cyprus","Gross electricity production","Electricity","Gigawatt-hour","4,879.636","p"
"2020","Cyprus","Net electricity production","Electricity","Gigawatt-hour","4,680.751","p"
"2020","Latvia","Gross electricity production","Electricity","Gigawatt-hour","5,724.844","p"
"2020","Latvia","Net electricity production","Electricity","Gigawatt-hour","5,441.811","p"
"2020","Lithuania","Gross electricity production","Electricity","Gigawatt-hour","5,517.400",""
"2020","Lithuania","Net electricity production","Electricity","Gigawatt-hour","5,261.200","p"
"2020","Luxembourg","Gross electricity production","Electricity","Gigawatt-hour","2,230.037","p"
"2020","Luxembourg","Net electricity production","Electricity","Gigawatt-hour","2,207.360","p"
"2020","Hungary","Gross electricity production","Electricity","Gigawatt-hour","34,924.000","p"
"2020","Hungary","Net electricity production","Electricity","Gigawatt-hour","32,915.000","p"
"2020","Malta","Gross electricity production","Electricity","Gigawatt-hour","2,139.342","p"
"2020","Malta","Net electricity production","Electricity","Gigawatt-hour","2,077.094","p"
"2020","Netherlands","Gross electricity production","Electricity","Gigawatt-hour","122,478.861","p"
"2020","Netherlands","Net electricity production","Electricity","Gigawatt-hour","119,047.793","p"
"2020","Austria","Gross electricity production","Electricity","Gigawatt-hour","72,556.312","p"
"2020","Austria","Net electricity production","Electricity","Gigawatt-hour","68,202.933","p"
"2020","Poland","Gross electricity production","Electricity","Gigawatt-hour","157,934.144","p"
"2020","Poland","Net electricity production","Electricity","Gigawatt-hour","144,167.599","p"
"2020","Portugal","Gross electricity production","Electricity","Gigawatt-hour","53,776.064","p"
"2020","Portugal","Net electricity production","Electricity","Gigawatt-hour","52,981.314","p"
"2020","Romania","Gross electricity production","Electricity","Gigawatt-hour","56,090.400","p"
"2020","Romania","Net electricity production","Electricity","Gigawatt-hour","50,693.000","p"
"2020","Slovenia","Gross electricity production","Electricity","Gigawatt-hour","17,191.540","p"
"2020","Slovenia","Net electricity production","Electricity","Gigawatt-hour","16,290.420","p"
"2020","Slovakia","Gross electricity production","Electricity","Gigawatt-hour","28,590.000","e"
"2020","Slovakia","Net electricity production","Electricity","Gigawatt-hour","26,511.000","e"
"2020","Finland","Gross electricity production","Electricity","Gigawatt-hour","68,946.000","p"
"2020","Finland","Net electricity production","Electricity","Gigawatt-hour","66,644.000","p"
"2020","Sweden","Gross electricity production","Electricity","Gigawatt-hour","162,618.000","p"
"2020","Sweden","Net electricity production","Electricity","Gigawatt-hour","159,545.000","p"
"2020","Iceland","Gross electricity production","Electricity","Gigawatt-hour",":",""
"2020","Iceland","Net electricity production","Electricity","Gigawatt-hour",":",""
"2020","Liechtenstein","Gross electricity production","Electricity","Gigawatt-hour",":",""
"2020","Liechtenstein","Net electricity production","Electricity","Gigawatt-hour",":",""
"2020","Norway","Gross electricity production","Electricity","Gigawatt-hour","154,255.088","p"
"2020","Norway","Net electricity production","Electricity","Gigawatt-hour","153,646.918","p"
"2020","United Kingdom","Gross electricity production","Electricity","Gigawatt-hour",":",""
"2020","United Kingdom","Net electricity production","Electricity","Gigawatt-hour",":",""
"2020","Montenegro","Gross electricity production","Electricity","Gigawatt-hour",":",""
"2020","Montenegro","Net electricity production","Electricity","Gigawatt-hour",":",""
"2020","North Macedonia","Gross electricity production","Electricity","Gigawatt-hour","5,346.473","p"
"2020","North Macedonia","Net electricity production","Electricity","Gigawatt-hour","5,032.759","p"
"2020","Albania","Gross electricity production","Electricity","Gigawatt-hour","5,313.166","p"
"2020","Albania","Net electricity production","Electricity","Gigawatt-hour","5,282.166","p"
"2020","Serbia","Gross electricity production","Electricity","Gigawatt-hour","38,098.041","e"
"2020","Serbia","Net electricity production","Electricity","Gigawatt-hour","34,629.737","e"
"2020","Turkey","Gross electricity production","Electricity","Gigawatt-hour","305,431.385","p"
"2020","Turkey","Net electricity production","Electricity","Gigawatt-hour","290,595.078","p"
"2020","Bosnia and Herzegovina","Gross electricity production","Electricity","Gigawatt-hour","16,319.000","p"
"2020","Bosnia and Herzegovina","Net electricity production","Electricity","Gigawatt-hour","15,195.000","p"
"2020","Kosovo (under United Nations Security Council Resolution 1244/99)","Gross electricity production","Electricity","Gigawatt-hour","8,312.997","p"
"2020","Kosovo (under United Nations Security Council Resolution 1244/99)","Net electricity production","Electricity","Gigawatt-hour","7,810.615","p"
"2020","Moldova","Gross electricity production","Electricity","Gigawatt-hour","981.000","p"
"2020","Moldova","Net electricity production","Electricity","Gigawatt-hour","840.900","p"
"2020","Ukraine","Gross electricity production","Electricity","Gigawatt-hour",":",""
"2020","Ukraine","Net electricity production","Electricity","Gigawatt-hour",":",""
"2020","Georgia","Gross electricity production","Electricity","Gigawatt-hour","11,159.800","p"
"2020","Georgia","Net electricity production","Electricity","Gigawatt-hour","10,943.800","p"
